alert_id,label
ALRT-0001,true_positive
ALRT-0002,true_positive
ALRT-0003,true_positive
ALRT-0004,true_positive
ALRT-0005,true_positive
ALRT-0006,true_positive
ALRT-0007,true_positive
ALRT-0008,true_positive
ALRT-0009,benign_suspicious
ALRT-0010,benign_suspicious
ALRT-0011,benign_suspicious
ALRT-0012,benign_suspicious
ALRT-0013,benign_suspicious
ALRT-0014,benign_suspicious
ALRT-0015,benign_suspicious
ALRT-0016,benign_suspicious
ALRT-0017,benign_suspicious
ALRT-0018,benign_suspicious
ALRT-0019,benign_suspicious
ALRT-0020,benign_suspicious
ALRT-0021,benign_suspicious
ALRT-0022,benign_suspicious
ALRT-0023,benign_suspicious
ALRT-0024,benign_suspicious
ALRT-0025,benign_suspicious
ALRT-0026,benign_suspicious
ALRT-0027,benign_suspicious
ALRT-0028,benign_suspicious
ALRT-0029,false_positive
ALRT-0030,false_positive
ALRT-0031,false_positive
ALRT-0032,false_positive
ALRT-0033,false_positive
ALRT-0034,false_positive
ALRT-0035,false_positive
ALRT-0036,false_positive
ALRT-0037,false_positive
ALRT-0038,false_positive
ALRT-0039,benign_suspicious
ALRT-0040,false_positive
ALRT-0041,true_positive
ALRT-0042,benign_suspicious
ALRT-0043,true_positive
ALRT-0044,true_positive
ALRT-0045,true_positive
ALRT-0046,benign_suspicious
ALRT-0047,true_positive
ALRT-0048,benign_suspicious
